sample_index,operation_id,case_study,operation_signature,model_file,cmd_file,has_generated_contract,definition_count,has_precondition,entity_count,enum_count,use_status,use_returncode,use_duration_sec,use_run_mode,use_stdout_file,use_stderr_file
1,Airport_manageDevice_createDevice,Airport,"createDevice(id: Integer, name: String, location: String, contactsid: Integer): Boolean",results\oclvm_sanity_check_114_strong\use_models\001_Airport_manageDevice_createDevice.use,results\oclvm_sanity_check_114_strong\use_cmds\001_Airport_manageDevice_createDevice.cmd,True,2,True,6,0,pass,0,1.3379,semantic_load_only,results\oclvm_sanity_check_114_strong\use_runs\Airport_manageDevice_createDevice.stdout.txt,results\oclvm_sanity_check_114_strong\use_runs\Airport_manageDevice_createDevice.stderr.txt
2,Airport_manageUser_createStaff,Airport,"createStaff(id: Integer, name: String, pswd: String, phone: String, role: Integer, bossid: Integer): Boolean",results\oclvm_sanity_check_114_strong\use_models\002_Airport_manageUser_createStaff.use,results\oclvm_sanity_check_114_strong\use_cmds\002_Airport_manageUser_createStaff.cmd,True,3,True,6,0,pass,0,1.2346,semantic_load_only,results\oclvm_sanity_check_114_strong\use_runs\Airport_manageUser_createStaff.stdout.txt,results\oclvm_sanity_check_114_strong\use_runs\Airport_manageUser_createStaff.stderr.txt
3,Airport_raiseRepair_approve,Airport,"approve(sid: Integer, rid: Integer, reject: Boolean, suggestion: String): ApprovalHistory",results\oclvm_sanity_check_114_strong\use_models\003_Airport_raiseRepair_approve.use,results\oclvm_sanity_check_114_strong\use_cmds\003_Airport_raiseRepair_approve.cmd,True,3,True,6,0,pass,0,1.2296,semantic_load_only,results\oclvm_sanity_check_114_strong\use_runs\Airport_raiseRepair_approve.stdout.txt,results\oclvm_sanity_check_114_strong\use_runs\Airport_raiseRepair_approve.stderr.txt
4,Airport_raiseRepair_finishRepair,Airport,"finishRepair(id: Integer, sid: Integer, did: Integer, res: String): Boolean",results\oclvm_sanity_check_114_strong\use_models\004_Airport_raiseRepair_finishRepair.use,results\oclvm_sanity_check_114_strong\use_cmds\004_Airport_raiseRepair_finishRepair.cmd,True,3,True,6,0,pass,0,1.2257,semantic_load_only,results\oclvm_sanity_check_114_strong\use_runs\Airport_raiseRepair_finishRepair.stdout.txt,results\oclvm_sanity_check_114_strong\use_runs\Airport_raiseRepair_finishRepair.stderr.txt
5,Airport_raiseRepair_feedback,Airport,"feedback(id: Integer, sid: Integer, score: Integer, des: String): Boolean",results\oclvm_sanity_check_114_strong\use_models\005_Airport_raiseRepair_feedback.use,results\oclvm_sanity_check_114_strong\use_cmds\005_Airport_raiseRepair_feedback.cmd,True,2,True,6,0,pass,0,1.2257,semantic_load_only,results\oclvm_sanity_check_114_strong\use_runs\Airport_raiseRepair_feedback.stdout.txt,results\oclvm_sanity_check_114_strong\use_runs\Airport_raiseRepair_feedback.stderr.txt
6,AutomatedTellerMachine_checkBalance_inputCard,ATM,inputCard(cardid: Integer): Boolean,results\oclvm_sanity_check_114_strong\use_models\006_AutomatedTellerMachine_checkBalance_inputCard.use,results\oclvm_sanity_check_114_strong\use_cmds\006_AutomatedTellerMachine_checkBalance_inputCard.cmd,True,1,True,4,2,pass,0,1.2111,semantic_load_only,results\oclvm_sanity_check_114_strong\use_runs\AutomatedTellerMachine_checkBalance_inputCard.stdout.txt,results\oclvm_sanity_check_114_strong\use_runs\AutomatedTellerMachine_checkBalance_inputCard.stderr.txt
7,AutomatedTellerMachine_checkBalance_inputPassword,ATM,inputPassword(password: Integer): Boolean,results\oclvm_sanity_check_114_strong\use_models\007_AutomatedTellerMachine_checkBalance_inputPassword.use,results\oclvm_sanity_check_114_strong\use_cmds\007_AutomatedTellerMachine_checkBalance_inputPassword.cmd,True,2,True,4,2,pass,0,1.2467,semantic_load_only,results\oclvm_sanity_check_114_strong\use_runs\AutomatedTellerMachine_checkBalance_inputPassword.stdout.txt,results\oclvm_sanity_check_114_strong\use_runs\AutomatedTellerMachine_checkBalance_inputPassword.stderr.txt
8,AutomatedTellerMachine_checkBalance_checkBalance,ATM,checkBalance(): Real,results\oclvm_sanity_check_114_strong\use_models\008_AutomatedTellerMachine_checkBalance_checkBalance.use,results\oclvm_sanity_check_114_strong\use_cmds\008_AutomatedTellerMachine_checkBalance_checkBalance.cmd,True,1,True,4,2,pass,0,1.2064,semantic_load_only,results\oclvm_sanity_check_114_strong\use_runs\AutomatedTellerMachine_checkBalance_checkBalance.stdout.txt,results\oclvm_sanity_check_114_strong\use_runs\AutomatedTellerMachine_checkBalance_checkBalance.stderr.txt
9,AutomatedTellerMachine_checkBalance_ejectCard,ATM,ejectCard(): Boolean,results\oclvm_sanity_check_114_strong\use_models\009_AutomatedTellerMachine_checkBalance_ejectCard.use,results\oclvm_sanity_check_114_strong\use_cmds\009_AutomatedTellerMachine_checkBalance_ejectCard.cmd,True,1,True,4,2,pass,0,1.2357,semantic_load_only,results\oclvm_sanity_check_114_strong\use_runs\AutomatedTellerMachine_checkBalance_ejectCard.stdout.txt,results\oclvm_sanity_check_114_strong\use_runs\AutomatedTellerMachine_checkBalance_ejectCard.stderr.txt
10,AutomatedTellerMachine_depositFunds_inputCard,ATM,inputCard(cardid: Integer): Boolean,results\oclvm_sanity_check_114_strong\use_models\010_AutomatedTellerMachine_depositFunds_inputCard.use,results\oclvm_sanity_check_114_strong\use_cmds\010_AutomatedTellerMachine_depositFunds_inputCard.cmd,True,1,True,4,2,pass,0,1.235,semantic_load_only,results\oclvm_sanity_check_114_strong\use_runs\AutomatedTellerMachine_depositFunds_inputCard.stdout.txt,results\oclvm_sanity_check_114_strong\use_runs\AutomatedTellerMachine_depositFunds_inputCard.stderr.txt
11,AutomatedTellerMachine_depositFunds_inputPassword,ATM,inputPassword(password: Integer): Boolean,results\oclvm_sanity_check_114_strong\use_models\011_AutomatedTellerMachine_depositFunds_inputPassword.use,results\oclvm_sanity_check_114_strong\use_cmds\011_AutomatedTellerMachine_depositFunds_inputPassword.cmd,True,2,True,4,2,pass,0,1.2334,semantic_load_only,results\oclvm_sanity_check_114_strong\use_runs\AutomatedTellerMachine_depositFunds_inputPassword.stdout.txt,results\oclvm_sanity_check_114_strong\use_runs\AutomatedTellerMachine_depositFunds_inputPassword.stderr.txt
12,AutomatedTellerMachine_depositFunds_depositFunds,ATM,depositFunds(quantity: Real): Boolean,results\oclvm_sanity_check_114_strong\use_models\012_AutomatedTellerMachine_depositFunds_depositFunds.use,results\oclvm_sanity_check_114_strong\use_cmds\012_AutomatedTellerMachine_depositFunds_depositFunds.cmd,True,1,True,4,2,pass,0,1.2372,semantic_load_only,results\oclvm_sanity_check_114_strong\use_runs\AutomatedTellerMachine_depositFunds_depositFunds.stdout.txt,results\oclvm_sanity_check_114_strong\use_runs\AutomatedTellerMachine_depositFunds_depositFunds.stderr.txt
13,AutomatedTellerMachine_depositFunds_printReceipt,ATM,printReceipt(): Real,results\oclvm_sanity_check_114_strong\use_models\013_AutomatedTellerMachine_depositFunds_printReceipt.use,results\oclvm_sanity_check_114_strong\use_cmds\013_AutomatedTellerMachine_depositFunds_printReceipt.cmd,True,1,True,4,2,pass,0,1.2374,semantic_load_only,results\oclvm_sanity_check_114_strong\use_runs\AutomatedTellerMachine_depositFunds_printReceipt.stdout.txt,results\oclvm_sanity_check_114_strong\use_runs\AutomatedTellerMachine_depositFunds_printReceipt.stderr.txt
14,AutomatedTellerMachine_depositFunds_ejectCard,ATM,ejectCard(): Boolean,results\oclvm_sanity_check_114_strong\use_models\014_AutomatedTellerMachine_depositFunds_ejectCard.use,results\oclvm_sanity_check_114_strong\use_cmds\014_AutomatedTellerMachine_depositFunds_ejectCard.cmd,True,1,True,4,2,pass,0,1.212,semantic_load_only,results\oclvm_sanity_check_114_strong\use_runs\AutomatedTellerMachine_depositFunds_ejectCard.stdout.txt,results\oclvm_sanity_check_114_strong\use_runs\AutomatedTellerMachine_depositFunds_ejectCard.stderr.txt
15,AutomatedTellerMachine_manageBankCard_createBankCard,ATM,"createBankCard(cardid: Integer, cardstatus: CardStatus[NORMAL|SUSPEND|CANCEL], catalog: CardCatalog[CREDIT|DEPOSIT], password: Integer, balance: Real): Boolean",results\oclvm_sanity_check_114_strong\use_models\015_AutomatedTellerMachine_manageBankCard_createBankCard.use,results\oclvm_sanity_check_114_strong\use_cmds\015_AutomatedTellerMachine_manageBankCard_createBankCard.cmd,True,1,True,4,2,pass,0,1.2518,semantic_load_only,results\oclvm_sanity_check_114_strong\use_runs\AutomatedTellerMachine_manageBankCard_createBankCard.stdout.txt,results\oclvm_sanity_check_114_strong\use_runs\AutomatedTellerMachine_manageBankCard_createBankCard.stderr.txt
16,AutomatedTellerMachine_manageBankCard_queryBankCard,ATM,queryBankCard(cardid: Integer): BankCard,results\oclvm_sanity_check_114_strong\use_models\016_AutomatedTellerMachine_manageBankCard_queryBankCard.use,results\oclvm_sanity_check_114_strong\use_cmds\016_AutomatedTellerMachine_manageBankCard_queryBankCard.cmd,True,1,True,4,2,pass,0,1.2251,semantic_load_only,results\oclvm_sanity_check_114_strong\use_runs\AutomatedTellerMachine_manageBankCard_queryBankCard.stdout.txt,results\oclvm_sanity_check_114_strong\use_runs\AutomatedTellerMachine_manageBankCard_queryBankCard.stderr.txt
17,AutomatedTellerMachine_manageBankCard_modifyBankCard,ATM,"modifyBankCard(cardid: Integer, cardstatus: CardStatus[NORMAL|SUSPEND|CANCEL], catalog: CardCatalog[CREDIT|DEPOSIT], password: Integer, balance: Real): Boolean",results\oclvm_sanity_check_114_strong\use_models\017_AutomatedTellerMachine_manageBankCard_modifyBankCard.use,results\oclvm_sanity_check_114_strong\use_cmds\017_AutomatedTellerMachine_manageBankCard_modifyBankCard.cmd,True,1,True,4,2,pass,0,1.2064,semantic_load_only,results\oclvm_sanity_check_114_strong\use_runs\AutomatedTellerMachine_manageBankCard_modifyBankCard.stdout.txt,results\oclvm_sanity_check_114_strong\use_runs\AutomatedTellerMachine_manageBankCard_modifyBankCard.stderr.txt
18,AutomatedTellerMachine_manageBankCard_deleteBankCard,ATM,deleteBankCard(cardid: Integer): Boolean,results\oclvm_sanity_check_114_strong\use_models\018_AutomatedTellerMachine_manageBankCard_deleteBankCard.use,results\oclvm_sanity_check_114_strong\use_cmds\018_AutomatedTellerMachine_manageBankCard_deleteBankCard.cmd,True,1,True,4,2,pass,0,1.1805,semantic_load_only,results\oclvm_sanity_check_114_strong\use_runs\AutomatedTellerMachine_manageBankCard_deleteBankCard.stdout.txt,results\oclvm_sanity_check_114_strong\use_runs\AutomatedTellerMachine_manageBankCard_deleteBankCard.stderr.txt
19,AutomatedTellerMachine_manageUser_createUser,ATM,"createUser(userid: Integer, name: String, address: String): Boolean",results\oclvm_sanity_check_114_strong\use_models\019_AutomatedTellerMachine_manageUser_createUser.use,results\oclvm_sanity_check_114_strong\use_cmds\019_AutomatedTellerMachine_manageUser_createUser.cmd,True,1,True,4,2,pass,0,1.181,semantic_load_only,results\oclvm_sanity_check_114_strong\use_runs\AutomatedTellerMachine_manageUser_createUser.stdout.txt,results\oclvm_sanity_check_114_strong\use_runs\AutomatedTellerMachine_manageUser_createUser.stderr.txt
20,AutomatedTellerMachine_manageUser_queryUser,ATM,queryUser(userid: Integer): User,results\oclvm_sanity_check_114_strong\use_models\020_AutomatedTellerMachine_manageUser_queryUser.use,results\oclvm_sanity_check_114_strong\use_cmds\020_AutomatedTellerMachine_manageUser_queryUser.cmd,True,1,True,4,2,pass,0,1.2509,semantic_load_only,results\oclvm_sanity_check_114_strong\use_runs\AutomatedTellerMachine_manageUser_queryUser.stdout.txt,results\oclvm_sanity_check_114_strong\use_runs\AutomatedTellerMachine_manageUser_queryUser.stderr.txt
21,AutomatedTellerMachine_manageUser_modifyUser,ATM,"modifyUser(userid: Integer, name: String, address: String): Boolean",results\oclvm_sanity_check_114_strong\use_models\021_AutomatedTellerMachine_manageUser_modifyUser.use,results\oclvm_sanity_check_114_strong\use_cmds\021_AutomatedTellerMachine_manageUser_modifyUser.cmd,True,1,True,4,2,pass,0,1.2166,semantic_load_only,results\oclvm_sanity_check_114_strong\use_runs\AutomatedTellerMachine_manageUser_modifyUser.stdout.txt,results\oclvm_sanity_check_114_strong\use_runs\AutomatedTellerMachine_manageUser_modifyUser.stderr.txt
22,AutomatedTellerMachine_manageUser_deleteUser,ATM,deleteUser(userid: Integer): Boolean,results\oclvm_sanity_check_114_strong\use_models\022_AutomatedTellerMachine_manageUser_deleteUser.use,results\oclvm_sanity_check_114_strong\use_cmds\022_AutomatedTellerMachine_manageUser_deleteUser.cmd,True,2,True,4,2,pass,0,1.227,semantic_load_only,results\oclvm_sanity_check_114_strong\use_runs\AutomatedTellerMachine_manageUser_deleteUser.stdout.txt,results\oclvm_sanity_check_114_strong\use_runs\AutomatedTellerMachine_manageUser_deleteUser.stderr.txt
23,AutomatedTellerMachine_withdrawCash_inputCard,ATM,inputCard(cardid: Integer): Boolean,results\oclvm_sanity_check_114_strong\use_models\023_AutomatedTellerMachine_withdrawCash_inputCard.use,results\oclvm_sanity_check_114_strong\use_cmds\023_AutomatedTellerMachine_withdrawCash_inputCard.cmd,True,1,True,4,2,pass,0,1.2085,semantic_load_only,results\oclvm_sanity_check_114_strong\use_runs\AutomatedTellerMachine_withdrawCash_inputCard.stdout.txt,results\oclvm_sanity_check_114_strong\use_runs\AutomatedTellerMachine_withdrawCash_inputCard.stderr.txt
24,AutomatedTellerMachine_withdrawCash_inputPassword,ATM,inputPassword(password: Integer): Boolean,results\oclvm_sanity_check_114_strong\use_models\024_AutomatedTellerMachine_withdrawCash_inputPassword.use,results\oclvm_sanity_check_114_strong\use_cmds\024_AutomatedTellerMachine_withdrawCash_inputPassword.cmd,True,2,True,4,2,pass,0,1.2448,semantic_load_only,results\oclvm_sanity_check_114_strong\use_runs\AutomatedTellerMachine_withdrawCash_inputPassword.stdout.txt,results\oclvm_sanity_check_114_strong\use_runs\AutomatedTellerMachine_withdrawCash_inputPassword.stderr.txt
25,AutomatedTellerMachine_withdrawCash_withdrawCash,ATM,withdrawCash(quantity: Integer): Boolean,results\oclvm_sanity_check_114_strong\use_models\025_AutomatedTellerMachine_withdrawCash_withdrawCash.use,results\oclvm_sanity_check_114_strong\use_cmds\025_AutomatedTellerMachine_withdrawCash_withdrawCash.cmd,True,1,True,4,2,pass,0,1.2083,semantic_load_only,results\oclvm_sanity_check_114_strong\use_runs\AutomatedTellerMachine_withdrawCash_withdrawCash.stdout.txt,results\oclvm_sanity_check_114_strong\use_runs\AutomatedTellerMachine_withdrawCash_withdrawCash.stderr.txt
26,AutomatedTellerMachine_withdrawCash_printReceipt,ATM,printReceipt(): Real,results\oclvm_sanity_check_114_strong\use_models\026_AutomatedTellerMachine_withdrawCash_printReceipt.use,results\oclvm_sanity_check_114_strong\use_cmds\026_AutomatedTellerMachine_withdrawCash_printReceipt.cmd,True,1,True,4,2,pass,0,1.2536,semantic_load_only,results\oclvm_sanity_check_114_strong\use_runs\AutomatedTellerMachine_withdrawCash_printReceipt.stdout.txt,results\oclvm_sanity_check_114_strong\use_runs\AutomatedTellerMachine_withdrawCash_printReceipt.stderr.txt
27,AutomatedTellerMachine_withdrawCash_ejectCard,ATM,ejectCard(): Boolean,results\oclvm_sanity_check_114_strong\use_models\027_AutomatedTellerMachine_withdrawCash_ejectCard.use,results\oclvm_sanity_check_114_strong\use_cmds\027_AutomatedTellerMachine_withdrawCash_ejectCard.cmd,True,1,True,4,2,pass,0,1.2307,semantic_load_only,results\oclvm_sanity_check_114_strong\use_runs\AutomatedTellerMachine_withdrawCash_ejectCard.stdout.txt,results\oclvm_sanity_check_114_strong\use_runs\AutomatedTellerMachine_withdrawCash_ejectCard.stderr.txt
28,CoCoME_changePrice_changePrice,CoCoME,"changePrice(barcode: Integer, newPrice: Real): Boolean",results\oclvm_sanity_check_114_strong\use_models\028_CoCoME_changePrice_changePrice.use,results\oclvm_sanity_check_114_strong\use_cmds\028_CoCoME_changePrice_changePrice.cmd,True,1,True,15,1,pass,0,1.2727,semantic_load_only,results\oclvm_sanity_check_114_strong\use_runs\CoCoME_changePrice_changePrice.stdout.txt,results\oclvm_sanity_check_114_strong\use_runs\CoCoME_changePrice_changePrice.stderr.txt
29,CoCoME_closeCashDesk_closeCashDesk,CoCoME,closeCashDesk(cashDeskID: Integer): Boolean,results\oclvm_sanity_check_114_strong\use_models\029_CoCoME_closeCashDesk_closeCashDesk.use,results\oclvm_sanity_check_114_strong\use_cmds\029_CoCoME_closeCashDesk_closeCashDesk.cmd,True,2,True,15,1,pass,0,1.231,semantic_load_only,results\oclvm_sanity_check_114_strong\use_runs\CoCoME_closeCashDesk_closeCashDesk.stdout.txt,results\oclvm_sanity_check_114_strong\use_runs\CoCoME_closeCashDesk_closeCashDesk.stderr.txt
30,CoCoME_closeStore_closeStore,CoCoME,closeStore(storeID: Integer): Boolean,results\oclvm_sanity_check_114_strong\use_models\030_CoCoME_closeStore_closeStore.use,results\oclvm_sanity_check_114_strong\use_cmds\030_CoCoME_closeStore_closeStore.cmd,True,2,True,15,1,pass,0,1.2681,semantic_load_only,results\oclvm_sanity_check_114_strong\use_runs\CoCoME_closeStore_closeStore.stdout.txt,results\oclvm_sanity_check_114_strong\use_runs\CoCoME_closeStore_closeStore.stderr.txt
31,CoCoME_listSuppliers_listSuppliers,CoCoME,listSuppliers(): Set(Supplier),results\oclvm_sanity_check_114_strong\use_models\031_CoCoME_listSuppliers_listSuppliers.use,results\oclvm_sanity_check_114_strong\use_cmds\031_CoCoME_listSuppliers_listSuppliers.cmd,True,1,True,15,1,pass,0,1.1937,semantic_load_only,results\oclvm_sanity_check_114_strong\use_runs\CoCoME_listSuppliers_listSuppliers.stdout.txt,results\oclvm_sanity_check_114_strong\use_runs\CoCoME_listSuppliers_listSuppliers.stderr.txt
32,CoCoME_manageCashDesk_createCashDesk,CoCoME,"createCashDesk(id: Integer, name: String, isopened: Boolean): Boolean",results\oclvm_sanity_check_114_strong\use_models\032_CoCoME_manageCashDesk_createCashDesk.use,results\oclvm_sanity_check_114_strong\use_cmds\032_CoCoME_manageCashDesk_createCashDesk.cmd,True,1,True,15,1,pass,0,1.2853,semantic_load_only,results\oclvm_sanity_check_114_strong\use_runs\CoCoME_manageCashDesk_createCashDesk.stdout.txt,results\oclvm_sanity_check_114_strong\use_runs\CoCoME_manageCashDesk_createCashDesk.stderr.txt
33,CoCoME_manageCashDesk_queryCashDesk,CoCoME,queryCashDesk(id: Integer): CashDesk,results\oclvm_sanity_check_114_strong\use_models\033_CoCoME_manageCashDesk_queryCashDesk.use,results\oclvm_sanity_check_114_strong\use_cmds\033_CoCoME_manageCashDesk_queryCashDesk.cmd,True,1,True,15,1,pass,0,1.2276,semantic_load_only,results\oclvm_sanity_check_114_strong\use_runs\CoCoME_manageCashDesk_queryCashDesk.stdout.txt,results\oclvm_sanity_check_114_strong\use_runs\CoCoME_manageCashDesk_queryCashDesk.stderr.txt
34,CoCoME_manageCashDesk_modifyCashDesk,CoCoME,"modifyCashDesk(id: Integer, name: String, isopened: Boolean): Boolean",results\oclvm_sanity_check_114_strong\use_models\034_CoCoME_manageCashDesk_modifyCashDesk.use,results\oclvm_sanity_check_114_strong\use_cmds\034_CoCoME_manageCashDesk_modifyCashDesk.cmd,True,1,True,15,1,pass,0,1.2527,semantic_load_only,results\oclvm_sanity_check_114_strong\use_runs\CoCoME_manageCashDesk_modifyCashDesk.stdout.txt,results\oclvm_sanity_check_114_strong\use_runs\CoCoME_manageCashDesk_modifyCashDesk.stderr.txt
35,CoCoME_manageCashDesk_deleteCashDesk,CoCoME,deleteCashDesk(id: Integer): Boolean,results\oclvm_sanity_check_114_strong\use_models\035_CoCoME_manageCashDesk_deleteCashDesk.use,results\oclvm_sanity_check_114_strong\use_cmds\035_CoCoME_manageCashDesk_deleteCashDesk.cmd,True,2,True,15,1,pass,0,1.2482,semantic_load_only,results\oclvm_sanity_check_114_strong\use_runs\CoCoME_manageCashDesk_deleteCashDesk.stdout.txt,results\oclvm_sanity_check_114_strong\use_runs\CoCoME_manageCashDesk_deleteCashDesk.stderr.txt
36,CoCoME_manageCashier_createCashier,CoCoME,"createCashier(id: Integer, name: String): Boolean",results\oclvm_sanity_check_114_strong\use_models\036_CoCoME_manageCashier_createCashier.use,results\oclvm_sanity_check_114_strong\use_cmds\036_CoCoME_manageCashier_createCashier.cmd,True,2,True,15,1,pass,0,1.232,semantic_load_only,results\oclvm_sanity_check_114_strong\use_runs\CoCoME_manageCashier_createCashier.stdout.txt,results\oclvm_sanity_check_114_strong\use_runs\CoCoME_manageCashier_createCashier.stderr.txt
37,CoCoME_manageCashier_queryCashier,CoCoME,queryCashier(id: Integer): Cashier,results\oclvm_sanity_check_114_strong\use_models\037_CoCoME_manageCashier_queryCashier.use,results\oclvm_sanity_check_114_strong\use_cmds\037_CoCoME_manageCashier_queryCashier.cmd,True,1,True,15,1,pass,0,1.2448,semantic_load_only,results\oclvm_sanity_check_114_strong\use_runs\CoCoME_manageCashier_queryCashier.stdout.txt,results\oclvm_sanity_check_114_strong\use_runs\CoCoME_manageCashier_queryCashier.stderr.txt
38,CoCoME_manageCashier_modifyCashier,CoCoME,"modifyCashier(id: Integer, name: String): Boolean",results\oclvm_sanity_check_114_strong\use_models\038_CoCoME_manageCashier_modifyCashier.use,results\oclvm_sanity_check_114_strong\use_cmds\038_CoCoME_manageCashier_modifyCashier.cmd,True,1,True,15,1,pass,0,1.2735,semantic_load_only,results\oclvm_sanity_check_114_strong\use_runs\CoCoME_manageCashier_modifyCashier.stdout.txt,results\oclvm_sanity_check_114_strong\use_runs\CoCoME_manageCashier_modifyCashier.stderr.txt
39,CoCoME_manageCashier_deleteCashier,CoCoME,deleteCashier(id: Integer): Boolean,results\oclvm_sanity_check_114_strong\use_models\039_CoCoME_manageCashier_deleteCashier.use,results\oclvm_sanity_check_114_strong\use_cmds\039_CoCoME_manageCashier_deleteCashier.cmd,True,2,True,15,1,pass,0,1.2453,semantic_load_only,results\oclvm_sanity_check_114_strong\use_runs\CoCoME_manageCashier_deleteCashier.stdout.txt,results\oclvm_sanity_check_114_strong\use_runs\CoCoME_manageCashier_deleteCashier.stderr.txt
40,CoCoME_manageProductCatalog_createProductCatalog,CoCoME,"createProductCatalog(id: Integer, name: String): Boolean",results\oclvm_sanity_check_114_strong\use_models\040_CoCoME_manageProductCatalog_createProductCatalog.use,results\oclvm_sanity_check_114_strong\use_cmds\040_CoCoME_manageProductCatalog_createProductCatalog.cmd,True,1,True,15,1,pass,0,1.2673,semantic_load_only,results\oclvm_sanity_check_114_strong\use_runs\CoCoME_manageProductCatalog_createProductCatalog.stdout.txt,results\oclvm_sanity_check_114_strong\use_runs\CoCoME_manageProductCatalog_createProductCatalog.stderr.txt
41,CoCoME_manageProductCatalog_queryProductCatalog,CoCoME,queryProductCatalog(id: Integer): ProductCatalog,results\oclvm_sanity_check_114_strong\use_models\041_CoCoME_manageProductCatalog_queryProductCatalog.use,results\oclvm_sanity_check_114_strong\use_cmds\041_CoCoME_manageProductCatalog_queryProductCatalog.cmd,True,1,True,15,1,pass,0,1.244,semantic_load_only,results\oclvm_sanity_check_114_strong\use_runs\CoCoME_manageProductCatalog_queryProductCatalog.stdout.txt,results\oclvm_sanity_check_114_strong\use_runs\CoCoME_manageProductCatalog_queryProductCatalog.stderr.txt
42,CoCoME_manageProductCatalog_modifyProductCatalog,CoCoME,"modifyProductCatalog(id: Integer, name: String): Boolean",results\oclvm_sanity_check_114_strong\use_models\042_CoCoME_manageProductCatalog_modifyProductCatalog.use,results\oclvm_sanity_check_114_strong\use_cmds\042_CoCoME_manageProductCatalog_modifyProductCatalog.cmd,True,1,True,15,1,pass,0,1.2568,semantic_load_only,results\oclvm_sanity_check_114_strong\use_runs\CoCoME_manageProductCatalog_modifyProductCatalog.stdout.txt,results\oclvm_sanity_check_114_strong\use_runs\CoCoME_manageProductCatalog_modifyProductCatalog.stderr.txt
43,CoCoME_manageProductCatalog_deleteProductCatalog,CoCoME,deleteProductCatalog(id: Integer): Boolean,results\oclvm_sanity_check_114_strong\use_models\043_CoCoME_manageProductCatalog_deleteProductCatalog.use,results\oclvm_sanity_check_114_strong\use_cmds\043_CoCoME_manageProductCatalog_deleteProductCatalog.cmd,True,1,True,15,1,pass,0,1.2435,semantic_load_only,results\oclvm_sanity_check_114_strong\use_runs\CoCoME_manageProductCatalog_deleteProductCatalog.stdout.txt,results\oclvm_sanity_check_114_strong\use_runs\CoCoME_manageProductCatalog_deleteProductCatalog.stderr.txt
44,CoCoME_manageStore_createStore,CoCoME,"createStore(id: Integer, name: String, address: String, isopened: Boolean): Boolean",results\oclvm_sanity_check_114_strong\use_models\044_CoCoME_manageStore_createStore.use,results\oclvm_sanity_check_114_strong\use_cmds\044_CoCoME_manageStore_createStore.cmd,True,1,True,15,1,pass,0,1.2676,semantic_load_only,results\oclvm_sanity_check_114_strong\use_runs\CoCoME_manageStore_createStore.stdout.txt,results\oclvm_sanity_check_114_strong\use_runs\CoCoME_manageStore_createStore.stderr.txt
45,CoCoME_manageStore_queryStore,CoCoME,queryStore(id: Integer): Store,results\oclvm_sanity_check_114_strong\use_models\045_CoCoME_manageStore_queryStore.use,results\oclvm_sanity_check_114_strong\use_cmds\045_CoCoME_manageStore_queryStore.cmd,True,1,True,15,1,pass,0,1.2711,semantic_load_only,results\oclvm_sanity_check_114_strong\use_runs\CoCoME_manageStore_queryStore.stdout.txt,results\oclvm_sanity_check_114_strong\use_runs\CoCoME_manageStore_queryStore.stderr.txt
46,CoCoME_manageStore_modifyStore,CoCoME,"modifyStore(id: Integer, name: String, address: String, isopened: Boolean): Boolean",results\oclvm_sanity_check_114_strong\use_models\046_CoCoME_manageStore_modifyStore.use,results\oclvm_sanity_check_114_strong\use_cmds\046_CoCoME_manageStore_modifyStore.cmd,True,1,True,15,1,pass,0,1.2758,semantic_load_only,results\oclvm_sanity_check_114_strong\use_runs\CoCoME_manageStore_modifyStore.stdout.txt,results\oclvm_sanity_check_114_strong\use_runs\CoCoME_manageStore_modifyStore.stderr.txt
47,CoCoME_manageStore_deleteStore,CoCoME,deleteStore(id: Integer): Boolean,results\oclvm_sanity_check_114_strong\use_models\047_CoCoME_manageStore_deleteStore.use,results\oclvm_sanity_check_114_strong\use_cmds\047_CoCoME_manageStore_deleteStore.cmd,True,1,True,15,1,pass,0,1.2395,semantic_load_only,results\oclvm_sanity_check_114_strong\use_runs\CoCoME_manageStore_deleteStore.stdout.txt,results\oclvm_sanity_check_114_strong\use_runs\CoCoME_manageStore_deleteStore.stderr.txt
48,CoCoME_manageSupplier_createSupplier,CoCoME,"createSupplier(id: Integer, name: String): Boolean",results\oclvm_sanity_check_114_strong\use_models\048_CoCoME_manageSupplier_createSupplier.use,results\oclvm_sanity_check_114_strong\use_cmds\048_CoCoME_manageSupplier_createSupplier.cmd,True,1,True,15,1,pass,0,1.2585,semantic_load_only,results\oclvm_sanity_check_114_strong\use_runs\CoCoME_manageSupplier_createSupplier.stdout.txt,results\oclvm_sanity_check_114_strong\use_runs\CoCoME_manageSupplier_createSupplier.stderr.txt
49,CoCoME_manageSupplier_querySupplier,CoCoME,querySupplier(id: Integer): Supplier,results\oclvm_sanity_check_114_strong\use_models\049_CoCoME_manageSupplier_querySupplier.use,results\oclvm_sanity_check_114_strong\use_cmds\049_CoCoME_manageSupplier_querySupplier.cmd,True,1,True,15,1,pass,0,1.293,semantic_load_only,results\oclvm_sanity_check_114_strong\use_runs\CoCoME_manageSupplier_querySupplier.stdout.txt,results\oclvm_sanity_check_114_strong\use_runs\CoCoME_manageSupplier_querySupplier.stderr.txt
50,CoCoME_manageSupplier_modifySupplier,CoCoME,"modifySupplier(id: Integer, name: String): Boolean",results\oclvm_sanity_check_114_strong\use_models\050_CoCoME_manageSupplier_modifySupplier.use,results\oclvm_sanity_check_114_strong\use_cmds\050_CoCoME_manageSupplier_modifySupplier.cmd,True,1,True,15,1,pass,0,1.2593,semantic_load_only,results\oclvm_sanity_check_114_strong\use_runs\CoCoME_manageSupplier_modifySupplier.stdout.txt,results\oclvm_sanity_check_114_strong\use_runs\CoCoME_manageSupplier_modifySupplier.stderr.txt
51,CoCoME_manageSupplier_deleteSupplier,CoCoME,deleteSupplier(id: Integer): Boolean,results\oclvm_sanity_check_114_strong\use_models\051_CoCoME_manageSupplier_deleteSupplier.use,results\oclvm_sanity_check_114_strong\use_cmds\051_CoCoME_manageSupplier_deleteSupplier.cmd,True,1,True,15,1,pass,0,1.2112,semantic_load_only,results\oclvm_sanity_check_114_strong\use_runs\CoCoME_manageSupplier_deleteSupplier.stdout.txt,results\oclvm_sanity_check_114_strong\use_runs\CoCoME_manageSupplier_deleteSupplier.stderr.txt
52,CoCoME_manageItem_createItem,CoCoME,"createItem(barcode: Integer, name: String, price: Real, stocknumber: Integer, orderprice: Real): Boolean",results\oclvm_sanity_check_114_strong\use_models\052_CoCoME_manageItem_createItem.use,results\oclvm_sanity_check_114_strong\use_cmds\052_CoCoME_manageItem_createItem.cmd,True,1,True,15,1,pass,0,1.2513,semantic_load_only,results\oclvm_sanity_check_114_strong\use_runs\CoCoME_manageItem_createItem.stdout.txt,results\oclvm_sanity_check_114_strong\use_runs\CoCoME_manageItem_createItem.stderr.txt
53,CoCoME_manageItem_queryItem,CoCoME,queryItem(barcode: Integer): Item,results\oclvm_sanity_check_114_strong\use_models\053_CoCoME_manageItem_queryItem.use,results\oclvm_sanity_check_114_strong\use_cmds\053_CoCoME_manageItem_queryItem.cmd,True,1,True,15,1,pass,0,1.2537,semantic_load_only,results\oclvm_sanity_check_114_strong\use_runs\CoCoME_manageItem_queryItem.stdout.txt,results\oclvm_sanity_check_114_strong\use_runs\CoCoME_manageItem_queryItem.stderr.txt
54,CoCoME_manageItem_modifyItem,CoCoME,"modifyItem(barcode: Integer, name: String, price: Real, stocknumber: Integer, orderprice: Real): Boolean",results\oclvm_sanity_check_114_strong\use_models\054_CoCoME_manageItem_modifyItem.use,results\oclvm_sanity_check_114_strong\use_cmds\054_CoCoME_manageItem_modifyItem.cmd,True,1,True,15,1,pass,0,1.2876,semantic_load_only,results\oclvm_sanity_check_114_strong\use_runs\CoCoME_manageItem_modifyItem.stdout.txt,results\oclvm_sanity_check_114_strong\use_runs\CoCoME_manageItem_modifyItem.stderr.txt
55,CoCoME_manageItem_deleteItem,CoCoME,deleteItem(barcode: Integer): Boolean,results\oclvm_sanity_check_114_strong\use_models\055_CoCoME_manageItem_deleteItem.use,results\oclvm_sanity_check_114_strong\use_cmds\055_CoCoME_manageItem_deleteItem.cmd,True,1,True,15,1,pass,0,1.2453,semantic_load_only,results\oclvm_sanity_check_114_strong\use_runs\CoCoME_manageItem_deleteItem.stdout.txt,results\oclvm_sanity_check_114_strong\use_runs\CoCoME_manageItem_deleteItem.stderr.txt
56,CoCoME_openCashDesk_openCashDesk,CoCoME,openCashDesk(cashDeskID: Integer): Boolean,results\oclvm_sanity_check_114_strong\use_models\056_CoCoME_openCashDesk_openCashDesk.use,results\oclvm_sanity_check_114_strong\use_cmds\056_CoCoME_openCashDesk_openCashDesk.cmd,True,3,True,15,1,pass,0,1.2753,semantic_load_only,results\oclvm_sanity_check_114_strong\use_runs\CoCoME_openCashDesk_openCashDesk.stdout.txt,results\oclvm_sanity_check_114_strong\use_runs\CoCoME_openCashDesk_openCashDesk.stderr.txt
57,CoCoME_openStore_openStore,CoCoME,openStore(storeID: Integer): Boolean,results\oclvm_sanity_check_114_strong\use_models\057_CoCoME_openStore_openStore.use,results\oclvm_sanity_check_114_strong\use_cmds\057_CoCoME_openStore_openStore.cmd,True,1,True,15,1,pass,0,1.1295,semantic_load_only,results\oclvm_sanity_check_114_strong\use_runs\CoCoME_openStore_openStore.stdout.txt,results\oclvm_sanity_check_114_strong\use_runs\CoCoME_openStore_openStore.stderr.txt
58,CoCoME_orderProducts_makeNewOrder,CoCoME,makeNewOrder(orderid: Integer): Boolean,results\oclvm_sanity_check_114_strong\use_models\058_CoCoME_orderProducts_makeNewOrder.use,results\oclvm_sanity_check_114_strong\use_cmds\058_CoCoME_orderProducts_makeNewOrder.cmd,True,0,True,15,1,pass,0,1.2647,semantic_load_only,results\oclvm_sanity_check_114_strong\use_runs\CoCoME_orderProducts_makeNewOrder.stdout.txt,results\oclvm_sanity_check_114_strong\use_runs\CoCoME_orderProducts_makeNewOrder.stderr.txt
59,CoCoME_orderProducts_listAllOutOfStoreProducts,CoCoME,listAllOutOfStoreProducts(): Set(Item),results\oclvm_sanity_check_114_strong\use_models\059_CoCoME_orderProducts_listAllOutOfStoreProducts.use,results\oclvm_sanity_check_114_strong\use_cmds\059_CoCoME_orderProducts_listAllOutOfStoreProducts.cmd,True,1,True,15,1,pass,0,1.2443,semantic_load_only,results\oclvm_sanity_check_114_strong\use_runs\CoCoME_orderProducts_listAllOutOfStoreProducts.stdout.txt,results\oclvm_sanity_check_114_strong\use_runs\CoCoME_orderProducts_listAllOutOfStoreProducts.stderr.txt
60,CoCoME_orderProducts_orderItem,CoCoME,"orderItem(barcode: Integer, quantity: Integer): Boolean",results\oclvm_sanity_check_114_strong\use_models\060_CoCoME_orderProducts_orderItem.use,results\oclvm_sanity_check_114_strong\use_cmds\060_CoCoME_orderProducts_orderItem.cmd,True,2,True,15,1,fail,1,0.3493,semantic_load_only,results\oclvm_sanity_check_114_strong\use_runs\CoCoME_orderProducts_orderItem.stdout.txt,results\oclvm_sanity_check_114_strong\use_runs\CoCoME_orderProducts_orderItem.stderr.txt
61,CoCoME_orderProducts_chooseSupplier,CoCoME,chooseSupplier(supplierID: Integer): Boolean,results\oclvm_sanity_check_114_strong\use_models\061_CoCoME_orderProducts_chooseSupplier.use,results\oclvm_sanity_check_114_strong\use_cmds\061_CoCoME_orderProducts_chooseSupplier.cmd,True,2,True,15,1,pass,0,1.2475,semantic_load_only,results\oclvm_sanity_check_114_strong\use_runs\CoCoME_orderProducts_chooseSupplier.stdout.txt,results\oclvm_sanity_check_114_strong\use_runs\CoCoME_orderProducts_chooseSupplier.stderr.txt
62,CoCoME_orderProducts_placeOrder,CoCoME,placeOrder(): Boolean,results\oclvm_sanity_check_114_strong\use_models\062_CoCoME_orderProducts_placeOrder.use,results\oclvm_sanity_check_114_strong\use_cmds\062_CoCoME_orderProducts_placeOrder.cmd,True,1,True,15,1,pass,0,1.2431,semantic_load_only,results\oclvm_sanity_check_114_strong\use_runs\CoCoME_orderProducts_placeOrder.stdout.txt,results\oclvm_sanity_check_114_strong\use_runs\CoCoME_orderProducts_placeOrder.stderr.txt
63,CoCoME_processSale_makeNewSale,CoCoME,makeNewSale(): Boolean,results\oclvm_sanity_check_114_strong\use_models\063_CoCoME_processSale_makeNewSale.use,results\oclvm_sanity_check_114_strong\use_cmds\063_CoCoME_processSale_makeNewSale.cmd,True,0,False,15,1,pass,0,1.2618,semantic_load_only,results\oclvm_sanity_check_114_strong\use_runs\CoCoME_processSale_makeNewSale.stdout.txt,results\oclvm_sanity_check_114_strong\use_runs\CoCoME_processSale_makeNewSale.stderr.txt
64,CoCoME_processSale_enterItem,CoCoME,"enterItem(barcode: Integer, quantity: Integer): Boolean",results\oclvm_sanity_check_114_strong\use_models\064_CoCoME_processSale_enterItem.use,results\oclvm_sanity_check_114_strong\use_cmds\064_CoCoME_processSale_enterItem.cmd,True,2,True,15,1,pass,0,1.2215,semantic_load_only,results\oclvm_sanity_check_114_strong\use_runs\CoCoME_processSale_enterItem.stdout.txt,results\oclvm_sanity_check_114_strong\use_runs\CoCoME_processSale_enterItem.stderr.txt
65,CoCoME_processSale_endSale,CoCoME,endSale(): Real,results\oclvm_sanity_check_114_strong\use_models\065_CoCoME_processSale_endSale.use,results\oclvm_sanity_check_114_strong\use_cmds\065_CoCoME_processSale_endSale.cmd,True,1,True,15,1,pass,0,1.2569,semantic_load_only,results\oclvm_sanity_check_114_strong\use_runs\CoCoME_processSale_endSale.stdout.txt,results\oclvm_sanity_check_114_strong\use_runs\CoCoME_processSale_endSale.stderr.txt
66,CoCoME_processSale_makeCashPayment,CoCoME,makeCashPayment(amount: Real): Boolean,results\oclvm_sanity_check_114_strong\use_models\066_CoCoME_processSale_makeCashPayment.use,results\oclvm_sanity_check_114_strong\use_cmds\066_CoCoME_processSale_makeCashPayment.cmd,True,0,True,15,1,pass,0,1.2118,semantic_load_only,results\oclvm_sanity_check_114_strong\use_runs\CoCoME_processSale_makeCashPayment.stdout.txt,results\oclvm_sanity_check_114_strong\use_runs\CoCoME_processSale_makeCashPayment.stderr.txt
67,CoCoME_receiveOrderedProduct_receiveOrderedProduct,CoCoME,receiveOrderedProduct(orderID: Integer): Boolean,results\oclvm_sanity_check_114_strong\use_models\067_CoCoME_receiveOrderedProduct_receiveOrderedProduct.use,results\oclvm_sanity_check_114_strong\use_cmds\067_CoCoME_receiveOrderedProduct_receiveOrderedProduct.cmd,True,1,True,15,1,pass,0,1.3065,semantic_load_only,results\oclvm_sanity_check_114_strong\use_runs\CoCoME_receiveOrderedProduct_receiveOrderedProduct.stdout.txt,results\oclvm_sanity_check_114_strong\use_runs\CoCoME_receiveOrderedProduct_receiveOrderedProduct.stderr.txt
68,CoCoME_showStockReports_showStockReports,CoCoME,showStockReports(): Set(Item),results\oclvm_sanity_check_114_strong\use_models\068_CoCoME_showStockReports_showStockReports.use,results\oclvm_sanity_check_114_strong\use_cmds\068_CoCoME_showStockReports_showStockReports.cmd,True,1,True,15,1,pass,0,1.2424,semantic_load_only,results\oclvm_sanity_check_114_strong\use_runs\CoCoME_showStockReports_showStockReports.stdout.txt,results\oclvm_sanity_check_114_strong\use_runs\CoCoME_showStockReports_showStockReports.stderr.txt
69,LibraryManagementSystem_borrowBook_borrowBook,Library Management,"borrowBook(uid: String, barcode: String): Boolean",results\oclvm_sanity_check_114_strong\use_models\069_LibraryManagementSystem_borrowBook_borrowBook.use,results\oclvm_sanity_check_114_strong\use_cmds\069_LibraryManagementSystem_borrowBook_borrowBook.cmd,True,5,True,13,6,fail,1,0.3698,semantic_load_only,results\oclvm_sanity_check_114_strong\use_runs\LibraryManagementSystem_borrowBook_borrowBook.stdout.txt,results\oclvm_sanity_check_114_strong\use_runs\LibraryManagementSystem_borrowBook_borrowBook.stderr.txt
70,LibraryManagementSystem_cancelReservation_cancelReservation,Library Management,"cancelReservation(uid: String, barcode: String): Boolean",results\oclvm_sanity_check_114_strong\use_models\070_LibraryManagementSystem_cancelReservation_cancelReservation.use,results\oclvm_sanity_check_114_strong\use_cmds\070_LibraryManagementSystem_cancelReservation_cancelReservation.cmd,True,3,True,13,6,pass,0,1.23,semantic_load_only,results\oclvm_sanity_check_114_strong\use_runs\LibraryManagementSystem_cancelReservation_cancelReservation.stdout.txt,results\oclvm_sanity_check_114_strong\use_runs\LibraryManagementSystem_cancelReservation_cancelReservation.stderr.txt
71,LibraryManagementSystem_countDownSuspensionDay_countDownSuspensionDay,Library Management,countDownSuspensionDay(): void,results\oclvm_sanity_check_114_strong\use_models\071_LibraryManagementSystem_countDownSuspensionDay_countDownSuspensionDay.use,results\oclvm_sanity_check_114_strong\use_cmds\071_LibraryManagementSystem_countDownSuspensionDay_countDownSuspensionDay.cmd,True,2,True,13,6,pass,0,1.0826,semantic_load_only,results\oclvm_sanity_check_114_strong\use_runs\LibraryManagementSystem_countDownSuspensionDay_countDownSuspensionDay.stdout.txt,results\oclvm_sanity_check_114_strong\use_runs\LibraryManagementSystem_countDownSuspensionDay_countDownSuspensionDay.stderr.txt
72,LibraryManagementSystem_listBookHistory_listBorrowHistory,Library Management,listBorrowHistory(uid: String): Set(Loan),results\oclvm_sanity_check_114_strong\use_models\072_LibraryManagementSystem_listBookHistory_listBorrowHistory.use,results\oclvm_sanity_check_114_strong\use_cmds\072_LibraryManagementSystem_listBookHistory_listBorrowHistory.cmd,True,2,True,13,6,pass,0,1.2906,semantic_load_only,results\oclvm_sanity_check_114_strong\use_runs\LibraryManagementSystem_listBookHistory_listBorrowHistory.stdout.txt,results\oclvm_sanity_check_114_strong\use_runs\LibraryManagementSystem_listBookHistory_listBorrowHistory.stderr.txt
73,LibraryManagementSystem_listBookHistory_listHodingBook,Library Management,listHodingBook(uid: String): Set(Loan),results\oclvm_sanity_check_114_strong\use_models\073_LibraryManagementSystem_listBookHistory_listHodingBook.use,results\oclvm_sanity_check_114_strong\use_cmds\073_LibraryManagementSystem_listBookHistory_listHodingBook.cmd,True,2,True,13,6,pass,0,1.2276,semantic_load_only,results\oclvm_sanity_check_114_strong\use_runs\LibraryManagementSystem_listBookHistory_listHodingBook.stdout.txt,results\oclvm_sanity_check_114_strong\use_runs\LibraryManagementSystem_listBookHistory_listHodingBook.stderr.txt
74,LibraryManagementSystem_listBookHistory_listOverDueBook,Library Management,listOverDueBook(uid: String): Set(BookCopy),results\oclvm_sanity_check_114_strong\use_models\074_LibraryManagementSystem_listBookHistory_listOverDueBook.use,results\oclvm_sanity_check_114_strong\use_cmds\074_LibraryManagementSystem_listBookHistory_listOverDueBook.cmd,True,4,True,13,6,fail,1,0.3575,semantic_load_only,results\oclvm_sanity_check_114_strong\use_runs\LibraryManagementSystem_listBookHistory_listOverDueBook.stdout.txt,results\oclvm_sanity_check_114_strong\use_runs\LibraryManagementSystem_listBookHistory_listOverDueBook.stderr.txt
75,LibraryManagementSystem_listBookHistory_listReservationBook,Library Management,listReservationBook(uid: String): Set(BookCopy),results\oclvm_sanity_check_114_strong\use_models\075_LibraryManagementSystem_listBookHistory_listReservationBook.use,results\oclvm_sanity_check_114_strong\use_cmds\075_LibraryManagementSystem_listBookHistory_listReservationBook.cmd,True,3,True,13,6,fail,1,0.3718,semantic_load_only,results\oclvm_sanity_check_114_strong\use_runs\LibraryManagementSystem_listBookHistory_listReservationBook.stdout.txt,results\oclvm_sanity_check_114_strong\use_runs\LibraryManagementSystem_listBookHistory_listReservationBook.stderr.txt
76,LibraryManagementSystem_listBookHistory_listRecommendBook,Library Management,listRecommendBook(uid: String): Set(RecommendBook),results\oclvm_sanity_check_114_strong\use_models\076_LibraryManagementSystem_listBookHistory_listRecommendBook.use,results\oclvm_sanity_check_114_strong\use_cmds\076_LibraryManagementSystem_listBookHistory_listRecommendBook.cmd,True,2,True,13,6,pass,0,1.2226,semantic_load_only,results\oclvm_sanity_check_114_strong\use_runs\LibraryManagementSystem_listBookHistory_listRecommendBook.stdout.txt,results\oclvm_sanity_check_114_strong\use_runs\LibraryManagementSystem_listBookHistory_listRecommendBook.stderr.txt
77,LibraryManagementSystem_listRecommendBook_listRecommendBook,Library Management,listRecommendBook(uid: String): Set(RecommendBook),results\oclvm_sanity_check_114_strong\use_models\077_LibraryManagementSystem_listRecommendBook_listRecommendBook.use,results\oclvm_sanity_check_114_strong\use_cmds\077_LibraryManagementSystem_listRecommendBook_listRecommendBook.cmd,True,2,True,13,6,pass,0,1.2623,semantic_load_only,results\oclvm_sanity_check_114_strong\use_runs\LibraryManagementSystem_listRecommendBook_listRecommendBook.stdout.txt,results\oclvm_sanity_check_114_strong\use_runs\LibraryManagementSystem_listRecommendBook_listRecommendBook.stderr.txt
78,LibraryManagementSystem_makeReservation_makeReservation,Library Management,"makeReservation(uid: String, barcode: String): Boolean",results\oclvm_sanity_check_114_strong\use_models\078_LibraryManagementSystem_makeReservation_makeReservation.use,results\oclvm_sanity_check_114_strong\use_cmds\078_LibraryManagementSystem_makeReservation_makeReservation.cmd,True,2,True,13,6,pass,0,1.2245,semantic_load_only,results\oclvm_sanity_check_114_strong\use_runs\LibraryManagementSystem_makeReservation_makeReservation.stdout.txt,results\oclvm_sanity_check_114_strong\use_runs\LibraryManagementSystem_makeReservation_makeReservation.stderr.txt
79,LibraryManagementSystem_manageBook_createBook,Library Management,"createBook(callno: String, title: String, edition: String, author: String, publisher: String, description: String, isbn: String, copynum: Integer): Boolean",results\oclvm_sanity_check_114_strong\use_models\079_LibraryManagementSystem_manageBook_createBook.use,results\oclvm_sanity_check_114_strong\use_cmds\079_LibraryManagementSystem_manageBook_createBook.cmd,True,1,True,13,6,pass,0,1.2573,semantic_load_only,results\oclvm_sanity_check_114_strong\use_runs\LibraryManagementSystem_manageBook_createBook.stdout.txt,results\oclvm_sanity_check_114_strong\use_runs\LibraryManagementSystem_manageBook_createBook.stderr.txt
80,LibraryManagementSystem_manageBookCopy_addBookCopy,Library Management,"addBookCopy(callNo: String, barcode: String, location: String): Boolean",results\oclvm_sanity_check_114_strong\use_models\080_LibraryManagementSystem_manageBookCopy_addBookCopy.use,results\oclvm_sanity_check_114_strong\use_cmds\080_LibraryManagementSystem_manageBookCopy_addBookCopy.cmd,True,2,True,13,6,pass,0,1.1529,semantic_load_only,results\oclvm_sanity_check_114_strong\use_runs\LibraryManagementSystem_manageBookCopy_addBookCopy.stdout.txt,results\oclvm_sanity_check_114_strong\use_runs\LibraryManagementSystem_manageBookCopy_addBookCopy.stderr.txt
81,LibraryManagementSystem_manageLibrarian_createLibrarian,Library Management,"createLibrarian(librarianid: String, name: String, password: String): Boolean",results\oclvm_sanity_check_114_strong\use_models\081_LibraryManagementSystem_manageLibrarian_createLibrarian.use,results\oclvm_sanity_check_114_strong\use_cmds\081_LibraryManagementSystem_manageLibrarian_createLibrarian.cmd,True,1,True,13,6,pass,0,1.2622,semantic_load_only,results\oclvm_sanity_check_114_strong\use_runs\LibraryManagementSystem_manageLibrarian_createLibrarian.stdout.txt,results\oclvm_sanity_check_114_strong\use_runs\LibraryManagementSystem_manageLibrarian_createLibrarian.stderr.txt
82,LibraryManagementSystem_manageSubject_createSubject,Library Management,createSubject(name: String): Boolean,results\oclvm_sanity_check_114_strong\use_models\082_LibraryManagementSystem_manageSubject_createSubject.use,results\oclvm_sanity_check_114_strong\use_cmds\082_LibraryManagementSystem_manageSubject_createSubject.cmd,True,1,True,13,6,pass,0,1.1407,semantic_load_only,results\oclvm_sanity_check_114_strong\use_runs\LibraryManagementSystem_manageSubject_createSubject.stdout.txt,results\oclvm_sanity_check_114_strong\use_runs\LibraryManagementSystem_manageSubject_createSubject.stderr.txt
83,LibraryManagementSystem_manageUser_createUser,Library Management,"createUser(userid: String, name: String, sex: Sex [M|F], password: String, email: String, faculty: String, loanednumber: Integer, borrowstatus: BorrowStatus [NORMAL|SUSPEND], suspensiondays: Integer, overduefee: Real): Boolean",results\oclvm_sanity_check_114_strong\use_models\083_LibraryManagementSystem_manageUser_createUser.use,results\oclvm_sanity_check_114_strong\use_cmds\083_LibraryManagementSystem_manageUser_createUser.cmd,True,1,True,13,6,pass,0,1.2403,semantic_load_only,results\oclvm_sanity_check_114_strong\use_runs\LibraryManagementSystem_manageUser_createUser.stdout.txt,results\oclvm_sanity_check_114_strong\use_runs\LibraryManagementSystem_manageUser_createUser.stderr.txt
84,LibraryManagementSystem_payOverDueFee_payOverDueFee,Library Management,"payOverDueFee(uid: String, fee: Real): Boolean",results\oclvm_sanity_check_114_strong\use_models\084_LibraryManagementSystem_payOverDueFee_payOverDueFee.use,results\oclvm_sanity_check_114_strong\use_cmds\084_LibraryManagementSystem_payOverDueFee_payOverDueFee.cmd,True,1,True,13,6,pass,0,1.2411,semantic_load_only,results\oclvm_sanity_check_114_strong\use_runs\LibraryManagementSystem_payOverDueFee_payOverDueFee.stdout.txt,results\oclvm_sanity_check_114_strong\use_runs\LibraryManagementSystem_payOverDueFee_payOverDueFee.stderr.txt
85,LibraryManagementSystem_recommendBook_recommendBook,Library Management,"recommendBook(uid: String, callNo: String, title: String, edition: String, author: String, publisher: String, description: String, isbn: String): Boolean",results\oclvm_sanity_check_114_strong\use_models\085_LibraryManagementSystem_recommendBook_recommendBook.use,results\oclvm_sanity_check_114_strong\use_cmds\085_LibraryManagementSystem_recommendBook_recommendBook.cmd,True,2,True,13,6,pass,0,1.1466,semantic_load_only,results\oclvm_sanity_check_114_strong\use_runs\LibraryManagementSystem_recommendBook_recommendBook.stdout.txt,results\oclvm_sanity_check_114_strong\use_runs\LibraryManagementSystem_recommendBook_recommendBook.stderr.txt
86,LibraryManagementSystem_renewBook_renewBook,Library Management,"renewBook(uid: String, barcode: String): Boolean",results\oclvm_sanity_check_114_strong\use_models\086_LibraryManagementSystem_renewBook_renewBook.use,results\oclvm_sanity_check_114_strong\use_cmds\086_LibraryManagementSystem_renewBook_renewBook.cmd,True,4,True,13,6,pass,0,1.2496,semantic_load_only,results\oclvm_sanity_check_114_strong\use_runs\LibraryManagementSystem_renewBook_renewBook.stdout.txt,results\oclvm_sanity_check_114_strong\use_runs\LibraryManagementSystem_renewBook_renewBook.stderr.txt
87,LibraryManagementSystem_searchBook_searchBookByBarCode,Library Management,searchBookByBarCode(barcode: String): Set(Book),results\oclvm_sanity_check_114_strong\use_models\087_LibraryManagementSystem_searchBook_searchBookByBarCode.use,results\oclvm_sanity_check_114_strong\use_cmds\087_LibraryManagementSystem_searchBook_searchBookByBarCode.cmd,True,3,True,13,6,pass,0,1.1358,semantic_load_only,results\oclvm_sanity_check_114_strong\use_runs\LibraryManagementSystem_searchBook_searchBookByBarCode.stdout.txt,results\oclvm_sanity_check_114_strong\use_runs\LibraryManagementSystem_searchBook_searchBookByBarCode.stderr.txt
88,LibraryManagementSystem_searchBook_searchBookByTitle,Library Management,searchBookByTitle(title: String): Set(Book),results\oclvm_sanity_check_114_strong\use_models\088_LibraryManagementSystem_searchBook_searchBookByTitle.use,results\oclvm_sanity_check_114_strong\use_cmds\088_LibraryManagementSystem_searchBook_searchBookByTitle.cmd,True,1,True,13,6,pass,0,1.2738,semantic_load_only,results\oclvm_sanity_check_114_strong\use_runs\LibraryManagementSystem_searchBook_searchBookByTitle.stdout.txt,results\oclvm_sanity_check_114_strong\use_runs\LibraryManagementSystem_searchBook_searchBookByTitle.stderr.txt
89,LibraryManagementSystem_searchBook_searchBookByAuthor,Library Management,searchBookByAuthor(authorname: String): Set(Book),results\oclvm_sanity_check_114_strong\use_models\089_LibraryManagementSystem_searchBook_searchBookByAuthor.use,results\oclvm_sanity_check_114_strong\use_cmds\089_LibraryManagementSystem_searchBook_searchBookByAuthor.cmd,True,1,True,13,6,pass,0,1.2297,semantic_load_only,results\oclvm_sanity_check_114_strong\use_runs\LibraryManagementSystem_searchBook_searchBookByAuthor.stdout.txt,results\oclvm_sanity_check_114_strong\use_runs\LibraryManagementSystem_searchBook_searchBookByAuthor.stderr.txt
90,LibraryManagementSystem_searchBook_searchBookByISBN,Library Management,searchBookByISBN(iSBNnumber: String): Set(Book),results\oclvm_sanity_check_114_strong\use_models\090_LibraryManagementSystem_searchBook_searchBookByISBN.use,results\oclvm_sanity_check_114_strong\use_cmds\090_LibraryManagementSystem_searchBook_searchBookByISBN.cmd,True,1,True,13,6,pass,0,1.2706,semantic_load_only,results\oclvm_sanity_check_114_strong\use_runs\LibraryManagementSystem_searchBook_searchBookByISBN.stdout.txt,results\oclvm_sanity_check_114_strong\use_runs\LibraryManagementSystem_searchBook_searchBookByISBN.stderr.txt
91,LibraryManagementSystem_searchBook_searchBookBySubject,Library Management,searchBookBySubject(subject: String): Set(Book),results\oclvm_sanity_check_114_strong\use_models\091_LibraryManagementSystem_searchBook_searchBookBySubject.use,results\oclvm_sanity_check_114_strong\use_cmds\091_LibraryManagementSystem_searchBook_searchBookBySubject.cmd,True,1,True,13,6,pass,0,1.221,semantic_load_only,results\oclvm_sanity_check_114_strong\use_runs\LibraryManagementSystem_searchBook_searchBookBySubject.stdout.txt,results\oclvm_sanity_check_114_strong\use_runs\LibraryManagementSystem_searchBook_searchBookBySubject.stderr.txt
92,LibraryManagementSystem_sendNotificationEmail_sendNotificationEmail,Library Management,sendNotificationEmail(email: String): Boolean,results\oclvm_sanity_check_114_strong\use_models\092_LibraryManagementSystem_sendNotificationEmail_sendNotificationEmail.use,results\oclvm_sanity_check_114_strong\use_cmds\092_LibraryManagementSystem_sendNotificationEmail_sendNotificationEmail.cmd,True,1,True,13,6,pass,0,1.2604,semantic_load_only,results\oclvm_sanity_check_114_strong\use_runs\LibraryManagementSystem_sendNotificationEmail_sendNotificationEmail.stdout.txt,results\oclvm_sanity_check_114_strong\use_runs\LibraryManagementSystem_sendNotificationEmail_sendNotificationEmail.stderr.txt
93,LoanProcessingSystem_closeOutLoan_closeOutLoan,Loan Processing,closeOutLoan(loanid: Integer): Boolean,results\oclvm_sanity_check_114_strong\use_models\093_LoanProcessingSystem_closeOutLoan_closeOutLoan.use,results\oclvm_sanity_check_114_strong\use_cmds\093_LoanProcessingSystem_closeOutLoan_closeOutLoan.cmd,True,2,True,10,4,pass,0,1.2313,semantic_load_only,results\oclvm_sanity_check_114_strong\use_runs\LoanProcessingSystem_closeOutLoan_closeOutLoan.stdout.txt,results\oclvm_sanity_check_114_strong\use_runs\LoanProcessingSystem_closeOutLoan_closeOutLoan.stderr.txt
94,LoanProcessingSystem_enterValidatedCreditReferences_listSubmitedLoanRequest,Loan Processing,listSubmitedLoanRequest(): Set(LoanRequest),results\oclvm_sanity_check_114_strong\use_models\094_LoanProcessingSystem_enterValidatedCreditReferences_listSubmitedLoanRequest.use,results\oclvm_sanity_check_114_strong\use_cmds\094_LoanProcessingSystem_enterValidatedCreditReferences_listSubmitedLoanRequest.cmd,True,1,True,10,4,pass,0,1.2753,semantic_load_only,results\oclvm_sanity_check_114_strong\use_runs\LoanProcessingSystem_enterValidatedCreditReferences_listSubmitedLoanRequest.stdout.txt,results\oclvm_sanity_check_114_strong\use_runs\LoanProcessingSystem_enterValidatedCreditReferences_listSubmitedLoanRequest.stderr.txt
95,LoanProcessingSystem_enterValidatedCreditReferences_chooseLoanRequest,Loan Processing,chooseLoanRequest(requestid: Integer): LoanRequest,results\oclvm_sanity_check_114_strong\use_models\095_LoanProcessingSystem_enterValidatedCreditReferences_chooseLoanRequest.use,results\oclvm_sanity_check_114_strong\use_cmds\095_LoanProcessingSystem_enterValidatedCreditReferences_chooseLoanRequest.cmd,True,1,True,10,4,pass,0,1.2728,semantic_load_only,results\oclvm_sanity_check_114_strong\use_runs\LoanProcessingSystem_enterValidatedCreditReferences_chooseLoanRequest.stdout.txt,results\oclvm_sanity_check_114_strong\use_runs\LoanProcessingSystem_enterValidatedCreditReferences_chooseLoanRequest.stderr.txt
96,LoanProcessingSystem_enterValidatedCreditReferences_markRequestValid,Loan Processing,markRequestValid(): Boolean,results\oclvm_sanity_check_114_strong\use_models\096_LoanProcessingSystem_enterValidatedCreditReferences_markRequestValid.use,results\oclvm_sanity_check_114_strong\use_cmds\096_LoanProcessingSystem_enterValidatedCreditReferences_markRequestValid.cmd,True,1,True,10,4,pass,0,1.2919,semantic_load_only,results\oclvm_sanity_check_114_strong\use_runs\LoanProcessingSystem_enterValidatedCreditReferences_markRequestValid.stdout.txt,results\oclvm_sanity_check_114_strong\use_runs\LoanProcessingSystem_enterValidatedCreditReferences_markRequestValid.stderr.txt
97,LoanProcessingSystem_evaluateLoanRequest_listTenLoanRequest,Loan Processing,listTenLoanRequest(): Set(LoanRequest),results\oclvm_sanity_check_114_strong\use_models\097_LoanProcessingSystem_evaluateLoanRequest_listTenLoanRequest.use,results\oclvm_sanity_check_114_strong\use_cmds\097_LoanProcessingSystem_evaluateLoanRequest_listTenLoanRequest.cmd,True,1,True,10,4,pass,0,1.2436,semantic_load_only,results\oclvm_sanity_check_114_strong\use_runs\LoanProcessingSystem_evaluateLoanRequest_listTenLoanRequest.stdout.txt,results\oclvm_sanity_check_114_strong\use_runs\LoanProcessingSystem_evaluateLoanRequest_listTenLoanRequest.stderr.txt
98,LoanProcessingSystem_evaluateLoanRequest_chooseOneForReview,Loan Processing,chooseOneForReview(requestid: Integer): LoanRequest,results\oclvm_sanity_check_114_strong\use_models\098_LoanProcessingSystem_evaluateLoanRequest_chooseOneForReview.use,results\oclvm_sanity_check_114_strong\use_cmds\098_LoanProcessingSystem_evaluateLoanRequest_chooseOneForReview.cmd,True,1,True,10,4,pass,0,1.1672,semantic_load_only,results\oclvm_sanity_check_114_strong\use_runs\LoanProcessingSystem_evaluateLoanRequest_chooseOneForReview.stdout.txt,results\oclvm_sanity_check_114_strong\use_runs\LoanProcessingSystem_evaluateLoanRequest_chooseOneForReview.stderr.txt
99,LoanProcessingSystem_evaluateLoanRequest_checkCreditHistory,Loan Processing,checkCreditHistory(): CreditHistory,results\oclvm_sanity_check_114_strong\use_models\099_LoanProcessingSystem_evaluateLoanRequest_checkCreditHistory.use,results\oclvm_sanity_check_114_strong\use_cmds\099_LoanProcessingSystem_evaluateLoanRequest_checkCreditHistory.cmd,True,2,True,10,4,pass,0,1.2062,semantic_load_only,results\oclvm_sanity_check_114_strong\use_runs\LoanProcessingSystem_evaluateLoanRequest_checkCreditHistory.stdout.txt,results\oclvm_sanity_check_114_strong\use_runs\LoanProcessingSystem_evaluateLoanRequest_checkCreditHistory.stderr.txt
100,LoanProcessingSystem_evaluateLoanRequest_reviewCheckingAccount,Loan Processing,reviewCheckingAccount(): CheckingAccount,results\oclvm_sanity_check_114_strong\use_models\100_LoanProcessingSystem_evaluateLoanRequest_reviewCheckingAccount.use,results\oclvm_sanity_check_114_strong\use_cmds\100_LoanProcessingSystem_evaluateLoanRequest_reviewCheckingAccount.cmd,True,2,True,10,4,pass,0,1.2706,semantic_load_only,results\oclvm_sanity_check_114_strong\use_runs\LoanProcessingSystem_evaluateLoanRequest_reviewCheckingAccount.stdout.txt,results\oclvm_sanity_check_114_strong\use_runs\LoanProcessingSystem_evaluateLoanRequest_reviewCheckingAccount.stderr.txt
101,LoanProcessingSystem_evaluateLoanRequest_listAvaiableLoanTerm,Loan Processing,listAvaiableLoanTerm(): Set(LoanTerm),results\oclvm_sanity_check_114_strong\use_models\101_LoanProcessingSystem_evaluateLoanRequest_listAvaiableLoanTerm.use,results\oclvm_sanity_check_114_strong\use_cmds\101_LoanProcessingSystem_evaluateLoanRequest_listAvaiableLoanTerm.cmd,True,2,True,10,4,pass,0,1.2492,semantic_load_only,results\oclvm_sanity_check_114_strong\use_runs\LoanProcessingSystem_evaluateLoanRequest_listAvaiableLoanTerm.stdout.txt,results\oclvm_sanity_check_114_strong\use_runs\LoanProcessingSystem_evaluateLoanRequest_listAvaiableLoanTerm.stderr.txt
102,LoanProcessingSystem_evaluateLoanRequest_addLoanTerm,Loan Processing,addLoanTerm(termid: Integer): Boolean,results\oclvm_sanity_check_114_strong\use_models\102_LoanProcessingSystem_evaluateLoanRequest_addLoanTerm.use,results\oclvm_sanity_check_114_strong\use_cmds\102_LoanProcessingSystem_evaluateLoanRequest_addLoanTerm.cmd,True,2,True,10,4,pass,0,1.2891,semantic_load_only,results\oclvm_sanity_check_114_strong\use_runs\LoanProcessingSystem_evaluateLoanRequest_addLoanTerm.stdout.txt,results\oclvm_sanity_check_114_strong\use_runs\LoanProcessingSystem_evaluateLoanRequest_addLoanTerm.stderr.txt
103,LoanProcessingSystem_evaluateLoanRequest_approveLoanRequest,Loan Processing,approveLoanRequest(): Boolean,results\oclvm_sanity_check_114_strong\use_models\103_LoanProcessingSystem_evaluateLoanRequest_approveLoanRequest.use,results\oclvm_sanity_check_114_strong\use_cmds\103_LoanProcessingSystem_evaluateLoanRequest_approveLoanRequest.cmd,True,3,True,10,4,pass,0,1.1204,semantic_load_only,results\oclvm_sanity_check_114_strong\use_runs\LoanProcessingSystem_evaluateLoanRequest_approveLoanRequest.stdout.txt,results\oclvm_sanity_check_114_strong\use_runs\LoanProcessingSystem_evaluateLoanRequest_approveLoanRequest.stderr.txt
104,LoanProcessingSystem_generateLoanLetterAndAgreement_listApprovalRequest,Loan Processing,listApprovalRequest(): Set(LoanRequest),results\oclvm_sanity_check_114_strong\use_models\104_LoanProcessingSystem_generateLoanLetterAndAgreement_listApprovalRequest.use,results\oclvm_sanity_check_114_strong\use_cmds\104_LoanProcessingSystem_generateLoanLetterAndAgreement_listApprovalRequest.cmd,True,1,True,10,4,pass,0,1.2436,semantic_load_only,results\oclvm_sanity_check_114_strong\use_runs\LoanProcessingSystem_generateLoanLetterAndAgreement_listApprovalRequest.stdout.txt,results\oclvm_sanity_check_114_strong\use_runs\LoanProcessingSystem_generateLoanLetterAndAgreement_listApprovalRequest.stderr.txt
105,LoanProcessingSystem_generateLoanLetterAndAgreement_genereateApprovalLetter,Loan Processing,genereateApprovalLetter(id: Integer): Boolean,results\oclvm_sanity_check_114_strong\use_models\105_LoanProcessingSystem_generateLoanLetterAndAgreement_genereateApprovalLetter.use,results\oclvm_sanity_check_114_strong\use_cmds\105_LoanProcessingSystem_generateLoanLetterAndAgreement_genereateApprovalLetter.cmd,True,1,True,10,4,pass,0,1.2492,semantic_load_only,results\oclvm_sanity_check_114_strong\use_runs\LoanProcessingSystem_generateLoanLetterAndAgreement_genereateApprovalLetter.stdout.txt,results\oclvm_sanity_check_114_strong\use_runs\LoanProcessingSystem_generateLoanLetterAndAgreement_genereateApprovalLetter.stderr.txt
106,LoanProcessingSystem_generateLoanLetterAndAgreement_generateLoanAgreement,Loan Processing,generateLoanAgreement(): Boolean,results\oclvm_sanity_check_114_strong\use_models\106_LoanProcessingSystem_generateLoanLetterAndAgreement_generateLoanAgreement.use,results\oclvm_sanity_check_114_strong\use_cmds\106_LoanProcessingSystem_generateLoanLetterAndAgreement_generateLoanAgreement.cmd,True,1,True,10,4,pass,0,1.2563,semantic_load_only,results\oclvm_sanity_check_114_strong\use_runs\LoanProcessingSystem_generateLoanLetterAndAgreement_generateLoanAgreement.stdout.txt,results\oclvm_sanity_check_114_strong\use_runs\LoanProcessingSystem_generateLoanLetterAndAgreement_generateLoanAgreement.stderr.txt
107,LoanProcessingSystem_generateLoanLetterAndAgreement_createLoanAccount,Loan Processing,"createLoanAccount(loanaccountid: Integer, balance: Real, status: LoanAccountStatus[NORMAL|HASPAIDINFULL]): Boolean",results\oclvm_sanity_check_114_strong\use_models\107_LoanProcessingSystem_generateLoanLetterAndAgreement_createLoanAccount.use,results\oclvm_sanity_check_114_strong\use_cmds\107_LoanProcessingSystem_generateLoanLetterAndAgreement_createLoanAccount.cmd,True,1,True,10,4,pass,0,1.2226,semantic_load_only,results\oclvm_sanity_check_114_strong\use_runs\LoanProcessingSystem_generateLoanLetterAndAgreement_createLoanAccount.stdout.txt,results\oclvm_sanity_check_114_strong\use_runs\LoanProcessingSystem_generateLoanLetterAndAgreement_createLoanAccount.stderr.txt
108,LoanProcessingSystem_loanPayment_loanPayment,Loan Processing,loanPayment(loanid: Integer): Boolean,results\oclvm_sanity_check_114_strong\use_models\108_LoanProcessingSystem_loanPayment_loanPayment.use,results\oclvm_sanity_check_114_strong\use_cmds\108_LoanProcessingSystem_loanPayment_loanPayment.cmd,True,3,True,10,4,pass,0,1.2806,semantic_load_only,results\oclvm_sanity_check_114_strong\use_runs\LoanProcessingSystem_loanPayment_loanPayment.stdout.txt,results\oclvm_sanity_check_114_strong\use_runs\LoanProcessingSystem_loanPayment_loanPayment.stderr.txt
109,LoanProcessingSystem_manageLoanTerm_createLoanTerm,Loan Processing,"createLoanTerm(itemid: Integer, content: String): Boolean",results\oclvm_sanity_check_114_strong\use_models\109_LoanProcessingSystem_manageLoanTerm_createLoanTerm.use,results\oclvm_sanity_check_114_strong\use_cmds\109_LoanProcessingSystem_manageLoanTerm_createLoanTerm.cmd,True,1,True,10,4,pass,0,1.2202,semantic_load_only,results\oclvm_sanity_check_114_strong\use_runs\LoanProcessingSystem_manageLoanTerm_createLoanTerm.stdout.txt,results\oclvm_sanity_check_114_strong\use_runs\LoanProcessingSystem_manageLoanTerm_createLoanTerm.stderr.txt
110,LoanProcessingSystem_manageLoanTerm_queryLoanTerm,Loan Processing,queryLoanTerm(itemid: Integer): LoanTerm,results\oclvm_sanity_check_114_strong\use_models\110_LoanProcessingSystem_manageLoanTerm_queryLoanTerm.use,results\oclvm_sanity_check_114_strong\use_cmds\110_LoanProcessingSystem_manageLoanTerm_queryLoanTerm.cmd,True,1,True,10,4,pass,0,1.2718,semantic_load_only,results\oclvm_sanity_check_114_strong\use_runs\LoanProcessingSystem_manageLoanTerm_queryLoanTerm.stdout.txt,results\oclvm_sanity_check_114_strong\use_runs\LoanProcessingSystem_manageLoanTerm_queryLoanTerm.stderr.txt
111,LoanProcessingSystem_manageLoanTerm_modifyLoanTerm,Loan Processing,"modifyLoanTerm(itemid: Integer, content: String): Boolean",results\oclvm_sanity_check_114_strong\use_models\111_LoanProcessingSystem_manageLoanTerm_modifyLoanTerm.use,results\oclvm_sanity_check_114_strong\use_cmds\111_LoanProcessingSystem_manageLoanTerm_modifyLoanTerm.cmd,True,1,True,10,4,pass,0,1.2287,semantic_load_only,results\oclvm_sanity_check_114_strong\use_runs\LoanProcessingSystem_manageLoanTerm_modifyLoanTerm.stdout.txt,results\oclvm_sanity_check_114_strong\use_runs\LoanProcessingSystem_manageLoanTerm_modifyLoanTerm.stderr.txt
112,LoanProcessingSystem_manageLoanTerm_deleteLoanTerm,Loan Processing,deleteLoanTerm(itemid: Integer): Boolean,results\oclvm_sanity_check_114_strong\use_models\112_LoanProcessingSystem_manageLoanTerm_deleteLoanTerm.use,results\oclvm_sanity_check_114_strong\use_cmds\112_LoanProcessingSystem_manageLoanTerm_deleteLoanTerm.cmd,True,2,True,10,4,pass,0,1.2105,semantic_load_only,results\oclvm_sanity_check_114_strong\use_runs\LoanProcessingSystem_manageLoanTerm_deleteLoanTerm.stdout.txt,results\oclvm_sanity_check_114_strong\use_runs\LoanProcessingSystem_manageLoanTerm_deleteLoanTerm.stderr.txt
113,LoanProcessingSystem_submitLoanRequest_enterLoanInformation,Loan Processing,"enterLoanInformation(requestid: Integer, name: String, loanamount: Real, loanpurpose: String, income: Real, phonenumber: Integer, postaladdress: String, zipcode: Integer, email: String, workreferences: String, creditreferences: String, checkingaccountnumber: Integer, securitynumber: Integer): Boolean",results\oclvm_sanity_check_114_strong\use_models\113_LoanProcessingSystem_submitLoanRequest_enterLoanInformation.use,results\oclvm_sanity_check_114_strong\use_cmds\113_LoanProcessingSystem_submitLoanRequest_enterLoanInformation.cmd,True,0,True,10,4,pass,0,1.2447,semantic_load_only,results\oclvm_sanity_check_114_strong\use_runs\LoanProcessingSystem_submitLoanRequest_enterLoanInformation.stdout.txt,results\oclvm_sanity_check_114_strong\use_runs\LoanProcessingSystem_submitLoanRequest_enterLoanInformation.stderr.txt
114,LoanProcessingSystem_submitLoanRequest_calculateScore,Loan Processing,calculateScore(): Integer,results\oclvm_sanity_check_114_strong\use_models\114_LoanProcessingSystem_submitLoanRequest_calculateScore.use,results\oclvm_sanity_check_114_strong\use_cmds\114_LoanProcessingSystem_submitLoanRequest_calculateScore.cmd,True,3,True,10,4,pass,0,1.2388,semantic_load_only,results\oclvm_sanity_check_114_strong\use_runs\LoanProcessingSystem_submitLoanRequest_calculateScore.stdout.txt,results\oclvm_sanity_check_114_strong\use_runs\LoanProcessingSystem_submitLoanRequest_calculateScore.stderr.txt
